Date,Idea,Source,Posted,Post_Date
2025-06-16,"Here's a short, original motivational quote:

""Believe in the fire that fuels your soul, not just the flame that flickers on the outside.""

I hope you find it inspiring!",Ollama LLM,False,
2025-06-16,"Here is a short, original motivational quote:

""Believe you can fly, and the universe will provide the wings. Trust yourself to soar.""",Ollama LLM,True,2025-06-16
2025-06-16,"Here is a short, original motivational quote:

""Believe in yourself, take the leap of faith, and watch your life become a masterpiece - not because it's perfect, but because you're brave enough to create it.""

I hope you find it inspiring!",Ollama LLM,False,
